Platform,Product,comment,score
Wildberries,Vacuum,Սխալ է աշխատում,1
Amazon,Vacuum,Գերազանց որակ,5
Amazon,Vacuum,Շատ գոհ եմ,5
Temu,Vacuum,Դուրս չեկավ,1
Temu,Watch,Հիանալի աշխատում է,5
Amazon,iPhone,Վատ ծառայություն,1
Wildberries,Coffee Maker,Շատ գոհ եմ,5
Temu,iPhone,Հիանալի աշխատում է,5
Amazon,Watch,Վատ ծառայություն,1
Wildberries,Coffee Maker,Դուրս չեկավ,1
Amazon,iPhone,Դուրս չեկավ,1
Temu,iPhone,Շատ լավ հավելված է,5
Temu,Watch,Դուրս չեկավ,1
Wildberries,Watch,Դուրս չեկավ,1
Amazon,iPhone,Գերազանց որակ,5
Wildberries,Vacuum,Դուրս չեկավ,1
Amazon,Coffee Maker,Շատ լավ հավելված է,5
Temu,Vacuum,Հիանալի աշխատում է,5
Amazon,Coffee Maker,Գերազանց որակ,5
Wildberries,Vacuum,Դուրս չեկավ,1
Amazon,iPhone,Հիանալի աշխատում է,5
Amazon,Coffee Maker,Վատ ծառայություն,1
Temu,Vacuum,Խնդիրներ կան,1
Wildberries,Watch,Հիանալի աշխատում է,5
Wildberries,Vacuum,Դուրս չեկավ,1
Temu,Watch,Դուրս չեկավ,1
Temu,Coffee Maker,Սխալ է աշխատում,1
Wildberries,Vacuum,Սխալ է աշխատում,1
Temu,Watch,Գերազանց որակ,5
Temu,Vacuum,Շատ վատ է աշխատում,1
Temu,iPhone,Շատ գոհ եմ,5
Amazon,Watch,Վատ ծառայություն,1
Temu,Watch,Խնդիրներ կան,1
Wildberries,Watch,Հիանալի աշխատում է,5
Amazon,Coffee Maker,Շատ գոհ եմ,5
Wildberries,Watch,Վատ ծառայություն,1
Amazon,Vacuum,Շատ գոհ եմ,5
Wildberries,Watch,Խնդիրներ կան,1
Amazon,iPhone,Դուրս չեկավ,1
Wildberries,Watch,Դուրս չեկավ,1
Wildberries,Coffee Maker,Դուրս չեկավ,1
Wildberries,Vacuum,Վատ ծառայություն,1
Temu,iPhone,Դուրս չեկավ,1
Amazon,Vacuum,Խնդիրներ կան,1
Wildberries,iPhone,Շատ լավ հավելված է,5
Temu,Coffee Maker,Ապրեք շատ լավն է,5
Temu,iPhone,Շատ վատ է աշխատում,1
Amazon,Watch,Շատ վատ է աշխատում,1
Temu,Coffee Maker,Ապրեք շատ լավն է,5
Temu,iPhone,Հիանալի աշխատում է,5
Amazon,Watch,Դուրս չեկավ,1
Temu,iPhone,Դուրս չեկավ,1
Amazon,iPhone,Շատ լավ հավելված է,5
Temu,Watch,Շատ գոհ եմ,5
Wildberries,Coffee Maker,Ապրեք շատ լավն է,5
Amazon,Watch,Ապրեք շատ լավն է,5
Amazon,Coffee Maker,Գերազանց որակ,5
Amazon,Vacuum,Վատ ծառայություն,1
Temu,iPhone,Սխալ է աշխատում,1
Amazon,Watch,Շատ վատ է աշխատում,1
Amazon,Coffee Maker,Շատ գոհ եմ,5
Wildberries,Watch,Շատ վատ է աշխատում,1
Amazon,Watch,Սխալ է աշխատում,1
Wildberries,Vacuum,Ապրեք շատ լավն է,5
Temu,Vacuum,Սխալ է աշխատում,1
Wildberries,Watch,Շատ գոհ եմ,5
Amazon,Watch,Շատ վատ է աշխատում,1
Wildberries,Coffee Maker,Շատ գոհ եմ,5
Wildberries,Vacuum,Դուրս չեկավ,1
Wildberries,Coffee Maker,Դուրս չեկավ,1
Amazon,iPhone,Շատ գոհ եմ,5
Temu,Coffee Maker,Վատ ծառայություն,1
Amazon,Watch,Շատ վատ է աշխատում,1
Temu,Coffee Maker,Շատ վատ է աշխատում,1
Temu,Coffee Maker,Սխալ է աշխատում,1
Wildberries,Vacuum,Հիանալի աշխատում է,5
Amazon,Watch,Շատ գոհ եմ,5
Temu,iPhone,Խնդիրներ կան,1
Temu,Coffee Maker,Դուրս չեկավ,1
Amazon,Watch,Վատ ծառայություն,1
Amazon,Vacuum,Սխալ է աշխատում,1
Amazon,Coffee Maker,Սխալ է աշխատում,1
Temu,iPhone,Վատ ծառայություն,1
Amazon,Watch,Խնդիրներ կան,1
Wildberries,iPhone,Շատ վատ է աշխատում,1
Temu,Watch,Շատ գոհ եմ,5
Amazon,iPhone,Դուրս չեկավ,1
Temu,Coffee Maker,Շատ գոհ եմ,5
Temu,Vacuum,Շատ վատ է աշխատում,1
Temu,Vacuum,Շատ լավ հավելված է,5
Temu,Coffee Maker,Հիանալի աշխատում է,5
Amazon,iPhone,Շատ գոհ եմ,5
Temu,Watch,Ապրեք շատ լավն է,5
Wildberries,Vacuum,Շատ վատ է աշխատում,1
Amazon,Watch,Շատ լավ հավելված է,5
Amazon,iPhone,Շատ վատ է աշխատում,1
Amazon,Vacuum,Շատ գոհ եմ,5
Amazon,Vacuum,Հիանալի աշխատում է,5
Wildberries,iPhone,Շատ լավ հավելված է,5
Amazon,iPhone,Ապրեք շատ լավն է,5
